,0,1,2
0,0.2670268045901668,0.15961739404080788,14.3978483838025
1,0.41244313465377314,-3.8811709837872916,26.108826639504827
2,-3.032509872123193,-3.368528678039769,19.563812552335072
3,-3.6633883226399746,-5.534413099643912,15.958158967057257
4,-4.710816008029541,-7.903987101157313,13.986740371277133
5,-3.869379996594111,-6.908684223932818,11.446670924632027
6,2.8112374168632064,5.151668919434372,10.896536371711578
7,-2.9958215560685795,-5.376507500234394,12.005222788264978
8,1.1383751632886774,2.122107842611893,11.21794015669397
9,-2.874062523930035,-4.90108220130247,15.214500570754696
10,-2.6105027581922657,-4.385692346376203,12.73219390793159
11,0.7327746231262684,1.406133488417542,11.872453067440711
12,-2.960325622953888,-4.988635406642905,16.944249182073392
13,-4.209384094766097,-6.910627653704986,14.326988771001743
14,-4.012102755143549,-7.041245059731342,12.135412847354523
15,1.0332767684508775,1.9495757413191348,10.219481200634439
16,-3.4661953041922766,-5.799694724186895,15.744327767092296
17,-4.533540502879369,-7.65612494275595,13.682502131312388
18,-3.022312326841562,-5.417446707308512,10.929859465199153
19,3.008881134633281,5.417762115259933,11.820034954416588
20,-1.4429833430367733,-2.664343594379568,11.24531609486907
21,3.4120444117066846,5.820394472808996,14.63327143867079
22,3.240384863001941,5.585233834527703,12.345624823469528
23,-0.4372813727870795,-0.869645058288255,10.983495825856536
24,2.8870241948735247,4.843556918986256,19.018890375005316
25,5.065729981997463,7.9511629967406385,16.090164768573857
26,7.918528017277229,12.96032328564307,16.924677558718706
27,10.541238236854152,16.86260591783105,19.883789765016104
28,7.964847887385574,14.333179368241423,13.360754568862673
29,-9.42245823982519,-16.02693160807058,16.821085265527728
30,2.132850550636539,4.1240029438689625,7.912306144004277
31,-6.743653572304674,-11.135191071284021,16.347106738753123
32,-10.052398065570756,-15.991644093826258,19.62538625252208
33,-11.21113939019691,-18.05401926432713,20.275667838675155
34,0.3229765234360922,0.6450625878297072,7.0146965186156685
35,-4.290831350180126,-6.591549893166697,20.392818232018367
36,-8.40080797719337,-12.178231755755782,20.7603142089976
37,-12.511248068058958,-13.11389132515625,31.642861126913175
38,-8.796403154689981,-3.9222330938894787,32.52630231932178
39,-4.21907917357197,-2.3760622581149544,25.109589100600704
40,-3.4566781332515637,-4.1309742127703455,19.32479706270018
41,-4.8522128776914,-7.519941152814239,16.256031179953084
42,-7.684689091440527,-12.548306807881216,16.824500387900056
43,-10.655627469493172,-16.847124849795424,20.37928780563482
44,-9.897112014251727,-16.92027606549142,16.90199584539619
45,8.062801968515405,14.47310222959279,13.632529727264775
46,-8.989735433891033,-15.5136689991566,15.927703155474571
47,3.6808522166760653,7.015805305817194,8.894917070469015
48,-9.161961420435798,-14.672180796114766,18.857193847849878
49,-12.34892517877974,-18.173565886584353,24.30193224286374
50,-11.963596127336384,-19.146220356216716,21.216528549208817
51,7.468091748789514,13.74011424673511,12.143688400889824
52,-11.042933271892874,-17.47168611725394,20.804417881427113
53,-7.497680058029199,-13.67638243259076,12.467285250766707
54,9.951564201722336,16.523999123252736,18.1558602420289
55,1.8269029103839554,3.513018717186494,7.663371424248198
56,-7.05544791973621,-11.409364332710751,17.272204753141985
57,-11.431366870901943,-16.760405300298082,23.43663486601752
58,-14.237490113272699,-16.40668984062497,32.39033038790922
59,-15.16557188818302,-16.684973993673434,34.55095616922091
60,8.030352189156197,15.021215582440888,11.656937667657896
61,-13.57556951788819,-15.743346721211543,31.421745977428273
62,-12.783765273319734,-8.271823808188712,37.195663095160775
63,-11.162622009574621,-3.6202076983268867,37.210405770753816
64,-15.800013951382681,-21.092926490235996,31.072147501574115
65,11.505195892114711,5.8279020735083,36.345160147421915
66,7.83246609976071,1.007771695482349,33.186543664227536
67,6.868916398150588,-0.4597928014662287,32.82723843880853
68,-11.6037695176896,-20.790759561069407,16.32535506046959
69,12.123805274129401,8.4862555921093,35.475544082052686
70,6.947782162141068,1.7203166296824852,31.14449920282274
71,3.298722565787969,0.9679556060858814,25.099961249751416
72,1.7803273779246434,0.9194546776258447,20.984217802697437
73,0.6849237166334126,-0.18735224430408448,19.643762024675283
74,5.980111671934472,-3.055390184044004,33.53815376455638
75,-3.296399210659698,-1.3505302911492245,24.51664514929727
76,-2.071940200111115,-1.7581381340363127,19.9192642884812
77,-1.182755604684793,-1.2078672860821833,17.06739079737023
78,0.5016809047077271,1.4386138916767057,17.719569238581215
79,-0.29289319929344937,-1.325350927968113,18.728448665235796
80,0.13535229857358289,1.4323518274002789,19.94456224686616
81,0.11392231885280468,-1.2509278946709794,20.456093130353405
82,-0.11680460599288622,1.8057410124926943,22.10095645226438
83,0.7028586664712617,-0.5295383421490437,20.740929599808233
84,-14.658268874974784,-7.760331619736668,42.823951336826816
85,6.063974305436483,1.892578855513169,29.415724557582077
86,3.1049380025413362,2.0672968488616807,22.763583172618283
87,2.5765948355806185,3.146768909050488,18.056052029581693
88,2.5540819741956624,3.879471771469559,14.965140553310002
89,1.1772282905190732,1.8600456294135381,12.797543257714022
90,-1.8988244717908709,-3.3689375267434603,15.385461246398531
91,-0.6702101314000909,-0.914593814011899,13.5629726248775
92,1.8552808792305262,3.439491630370459,18.535060504535178
93,2.4440280319785677,3.6361973233857148,15.239784808136928
94,1.1316416303322632,1.7506787574393914,13.082628893761242
95,-1.860313511696483,-3.3161683317432438,15.63787180236293
96,-0.8014016764500672,-1.1180353632172826,13.735887741605909
97,2.077753359181683,3.6951014877264297,17.68285771001369
98,2.520138184349242,3.893854037368665,14.60840764261347
99,0.829517947071704,1.2733906337836922,12.631966358207592
100,-2.6525837899479523,-4.528183608830686,17.093323103316006
101,-3.523868192104361,-5.7239669387605225,14.18784961536195
102,-2.7046204247481684,-4.684170692743349,11.919673521193365
103,1.542401810079198,2.8276703486214627,11.735295848622677
104,-2.985012155689585,-5.155858270960043,14.199571064357771
105,-1.848689335239992,-3.137832943363022,11.965772445915098
106,2.7381823936920497,4.794213708363743,13.586470048937104
107,0.6444680090200263,1.0177763530003228,11.78504349786447
108,-3.052057261632485,-5.074691818112098,18.16894528472136
109,-5.112451111074366,-8.18277177999644,15.606462608140768
110,-7.397491499557602,-12.383892811063522,15.78317770790938
111,-8.13284057512582,-14.078390448955318,15.073842928468618
112,0.03922399365972055,0.09826564932781684,7.93857857189904
113,0.19364824195010932,-6.916438778142474,29.86347509930846
114,-6.258095973963722,-7.477481754254828,22.264680394553565
115,-9.78899885781897,-12.255153962675264,25.282593874336467
116,-10.316594377701506,-8.05940404552425,31.79622134095705
117,-6.191584977104149,-4.5688779316974175,26.60029782238604
118,-6.069248793698773,-7.487031708607686,21.613190774271178
119,-9.902474790016795,-12.691198391333822,24.962790608868236
120,-10.639277247407868,-8.207535598793886,32.36906030709435
121,-6.080494185503014,-4.056848344219977,27.005948294989874
122,-5.44227275082238,-6.589592910696313,21.244630273656455
123,-9.042820878662924,-12.371463092505927,22.709266301011162
124,-11.703221311909541,-10.524098680885832,32.47581683185099
125,-7.009520157676203,-3.6410462266125054,29.39560591330588
126,-4.524876950430671,-4.536299505126056,22.29472864263613
127,-6.377782009127872,-9.120539842494935,19.279856078811548
128,-11.228779776735013,-14.673659624153432,26.053567708384037
129,-11.300615600640453,-7.63640771530804,34.370177419162246
130,-5.780312698951582,-2.2864926300499033,28.463232230787433
131,-3.4294381965676326,-3.1156766001430656,21.647319432572324
132,-3.9519466213231933,-5.646700240711626,17.263262772186156
133,-6.112773416460301,-9.90566729104495,15.932450080123463
134,-9.091513168474265,-14.793637457980996,18.04730507766017
135,-10.28687246203183,-17.010351570562968,18.494053790475746
136,0.21932185668966192,0.44277527676179806,7.251759443794752
137,-3.1487441682497828,-5.489139028696684,20.872516874655993
138,-6.482743677512557,-9.695101330298641,18.354150191846358
139,-11.402528761383667,-15.49729689843046,25.36183033435949
140,-12.416151829206912,-9.385554363370595,35.298957157920505
141,-7.373961746379553,-1.9729364075108764,31.65499969262553
142,-3.4792270074413025,-0.9964402385799147,25.448649646755843
143,-1.881278291689529,-1.0205430060430802,21.09965166594378
144,-0.8179534973275298,-0.09793511921537246,19.33802065859537
145,-0.966927764429621,2.6530916172616634,25.58138058574159
146,1.6928453454109675,0.7032039241414467,21.207277197724366
147,0.5262968336464122,-0.6928402785723001,20.498249416316742
148,-3.435479073463922,3.5329598604911183,30.639901674615743
149,2.866132178720418,1.7188583144959888,22.747583660222915
150,2.0944041396083817,2.2804292258180587,18.427714633863722
151,1.3639613735823957,1.7506376789986802,15.755196232912411
152,-0.6242126433067966,-1.4151777217377186,15.881092518404968
153,1.0356838207658596,2.220764868647021,17.822670232351786
154,0.2954058771472242,-0.034351783543685566,16.289836550726417
155,5.469770857938675,-3.6821661895463578,33.411056673202616
156,-3.451829395194603,-2.2303664458959553,23.436571907646726
157,-2.9760322275622393,-3.696878478805779,18.342349684588594
158,-3.597400613851601,-5.629116047927001,15.14660206340201
159,-3.905464572676186,-6.666467106340033,12.99921805711435
160,-1.1172124658332094,-1.958229309738548,10.545789700937005
161,3.276820688337084,5.516056035100661,15.561356375324408
162,3.9114918070111746,6.618341938195311,13.273373005978563
163,1.7049374975667293,3.010832501800652,10.779827645991489
164,-4.1144818283964835,-7.008180652042595,14.540157493461557
165,-4.318633458874718,-7.547565838800564,12.433954690172815
166,0.33288442175594557,0.6685002361553759,9.917038782237634
167,-2.65002791883126,-4.622305605247363,19.7854510398209
168,-4.8544565058286935,-7.475555739791421,16.411664263825728
169,-7.823505724550264,-12.691098054459754,17.141625796899262
170,-11.180077078735156,-17.20700231901728,21.743958050002572
171,-11.929108838035294,-18.818006475398004,21.68020439982361
172,2.202090686854504,4.304835499505093,7.278623967677634
173,-7.525491269628819,-12.176215086442,17.457162375999456
174,-11.73449116955928,-17.135035409590646,23.869606822812678
175,-14.286781938451835,-17.2955910153347,31.458261613270423
176,-14.068854808558665,-20.29502012493674,26.81134285211221
177,12.72578076388338,19.917203207750134,22.785080096295008
178,-10.595225787942013,-18.03922316983961,17.6960439435129
179,11.503751366646895,18.527603261172317,20.602144575046687
180,-3.63563629462286,-7.022653231493733,8.166781458141402
181,10.397081424777241,15.630526008292538,21.861473658206474
182,13.890634524091285,15.584560874620493,32.41994671323543
183,13.462073258379434,9.622004317478524,37.60222735134251
184,14.433868294603636,10.846993899012022,38.85960501426416
185,-14.245157505694845,-21.431553812777704,25.723749205289334
186,14.435541221666693,13.829183899672842,35.80146624284464
187,15.495490532275582,17.820178569687993,34.14106883144932
188,-15.330192906182933,-17.624552456706056,33.93423940280527
189,14.160465486125418,20.65403883836597,26.603602933644606
190,-14.440939573272479,-19.20275971601516,29.50256046818035
191,5.5588277648097355,10.69734044461871,8.969918118884305
192,-11.43605163823893,-17.0239187890932,23.111079092667524
193,-14.061662371556682,-17.9804622566997,29.95758200469036
194,-12.750576766978826,-20.104593754679275,22.52651780672011
195,12.304485967642467,19.408746665598798,22.096172375733854
196,-7.321184880844719,-13.532458970154883,11.84015817210515
197,11.194966115822385,17.526512213822382,21.297060790773592
198,8.939734891220722,15.79935430703182,14.8089919420121
199,-10.54590474175672,-17.41308928536362,18.8496130611757
200,1.7356488968413053,3.382909115226038,7.452136425112474
201,-7.311835537034373,-11.687772211530973,17.805186306191068
202,-12.007641872348437,-16.758925281563915,25.381242142459794
203,-13.964676767460634,-13.245801279497668,35.20848791639566
204,-12.832961854072042,-7.456269497246806,38.03938806486085
205,-15.526185584548593,-14.366222163791987,37.98206879275656
206,14.22429716139737,10.710210366015051,38.46802056793403
207,-2.260689910009938,-4.548753940728644,5.574094059178556
208,9.540189701818086,14.12015603223206,21.583576384210076
209,13.126895475273127,13.089272685279127,33.250194141496095
210,9.477358191513908,3.6042723742403098,34.034630715764735
211,4.580677815172916,0.8420732268623685,27.806607458549728
212,2.2756152827991847,0.6782193909451879,23.09391410578035
213,1.0154492901988603,-0.20173546215117255,21.04601509384351
214,3.231839016076121,-3.4488006625967254,30.21829621306927
215,-2.748311983240561,-1.5687830724687262,22.698782105000657
216,-1.8909624054447254,-1.90581903579694,18.634945549632732
217,-0.8667864685913926,-0.8526136136169363,16.335783183063114
218,0.7406860427476978,2.0364045433952924,19.1277097456301
219,0.43817965928149816,-0.01837673271591933,17.518757177130883
220,2.416505074914612,-4.307503734500301,29.93237524202442
221,-3.4131921479560443,-3.1993202022750644,21.414824739283425
222,-4.0290024877073956,-5.812893829495891,17.150144888345263
223,-6.283811121750406,-10.193432408352283,16.019664518180406
224,-9.359338796321056,-15.135507483519184,18.478579349839926
225,-10.616386034429084,-17.38566260071574,19.135530026631123
226,-0.07271869004676254,-0.1256694586788331,7.159943805454297
227,0.5505759096896554,5.538821279843902,26.390777701759877
228,5.210483251393003,6.824045505792778,19.86294402518859
229,9.161967331011672,13.044756461637753,21.914511512549844
230,12.395828693934352,11.658343142280671,32.96326255616097
231,7.768238057127596,3.219559477661565,31.246387905372465
232,3.919634681195214,2.7350513795318676,23.807394068665477
233,3.791647028748544,4.971313992574613,18.499650937910197
234,5.845006367199321,9.232131460284062,16.472799653167442
235,9.53062728040106,14.990100804433869,19.52482799687442
236,12.960589985095197,18.134286209630552,26.39303483399442
237,13.800052413131468,19.566442685518762,26.99832553581957
238,-3.5280599896192566,-6.897011306961355,7.476897602599107
239,11.127183359928782,15.73295267339477,24.244640814351204
240,13.172557605521122,11.421296404809851,35.12277607182692
241,9.30125924628068,2.8604004860298815,34.27039934448293
242,5.109805552676115,0.11954593787630774,29.520042771477645
243,3.5000142605617164,-1.1085952990804597,28.03787156939614
244,-13.440220933136818,-22.88879401129542,20.27438068281999
245,11.493291704269463,7.038567772638782,35.33405556621079
246,6.097746435830274,1.4609373179201413,29.90382096022564
247,2.9411985691264007,1.1940900936169623,23.907392322010654
248,1.7579512958227426,1.288501469032553,19.917428469658052
249,0.6715260274047259,0.19358386329626764,18.16754825365337
250,0.388877617152942,-2.6950068072803695,24.6877436740752
251,-1.7526575343881567,-1.161813956730332,20.248043575730605
252,-0.6806376622819943,-0.08925729816140648,18.651853590309365
253,-1.032511747715997,2.977523979634112,26.04249170310149
254,1.9954456479640708,1.2970533933467325,20.831838044475404
255,0.9996603491602487,0.6140803233252268,18.44102917623556
256,-0.3351561137583565,-1.9101742237663388,20.60423784352176
257,-0.6497182415553597,0.07361739289941027,19.091325135206663
258,-2.4301797623762678,3.946571076888059,29.48397987340629
259,3.03661699355132,2.5635802161884813,21.532159479199212
260,2.9965473352604746,4.094394010730433,17.11992363049772
261,3.423695021324675,5.5319191633032645,14.258300141678282
262,2.5943371193479843,4.472929125434094,11.995612011189538
263,-1.6006366846003222,-2.9253695789802925,11.909729890467887
264,2.828339336227506,4.911792144662486,14.001261838336605
265,1.293300546149933,2.15512773693078,11.91431918828823
266,-2.4004907018417785,-4.160296006680408,14.8994744329927
267,-1.2031689468231548,-1.9172872043044018,12.683091782359398
268,1.9214354008159915,3.4016697011695554,15.264279101443861
269,0.6092274878490404,0.820036598957151,13.474068613223459
270,-1.7111501748884181,-3.3043519456953874,18.97825305808144
271,-2.3297001703624356,-3.375686807048755,15.563667161789795
272,-1.11319428351544,-1.6797147795760559,13.435750856016178
273,1.7807084801247963,3.199453064430692,15.821975990537581
274,0.8042187696925416,1.0983330464694983,13.956415972174828
275,-1.943583761473341,-3.507409731450939,17.768855611466044
276,-2.269649305768464,-3.4413061524946764,14.745892250850899
277,-0.433343754575248,-0.5568864935185414,13.053880936299622
278,1.7580987169066575,3.7304198462660727,20.471164033323728
279,3.252518631622297,4.737761016437338,16.324838438830476
280,3.805430212473027,6.307336499584254,13.815459881434853
281,2.6099373115842357,4.58284058011874,11.442688749623922
282,-2.26797279325144,-4.090648166006707,12.026646099460537
283,2.005483220722833,3.6139095982426745,12.394952635738724
284,-2.039988799088997,-3.650726684067438,12.891763553672298
285,1.4585853867211227,2.660337141913222,12.747982315312239
286,-1.8868593786735988,-3.348105558347091,14.13722812190994
287,0.41547261999655105,0.891640521604566,13.18186154526126
288,-1.7335197094620278,-3.379137700929012,19.24027012946245
289,-2.510472643981831,-3.6518101600152786,15.679569189902246
290,-1.5581680348072375,-2.4595602406333663,13.296026932426537
291,1.3893460716406096,2.5347870610273846,14.240973987117911
292,-0.7515188026637897,-1.5053616339679778,14.443565841896454
293,1.7353039085301154,3.1714562722817083,16.95521113014062
294,1.4077584018350051,2.027865695007836,14.545571605401822
295,-0.8388638483185434,-1.6888762249419076,15.12063903007989
296,1.2963825271632778,2.49566783360332,16.551860052724024
297,0.3099150972384819,0.13111754888787674,15.245726932847958
298,0.6755570518998848,-3.935881879756523,26.49908959584405
299,-3.037206039175697,-3.297421905304793,19.774169700042034
300,-3.6314059553170277,-5.44569205935497,16.08374850511393
301,-4.706296112707461,-7.8733783104733135,14.07379467096255
302,-4.064881230637211,-7.239030493672493,11.63220075702773
303,2.4977749797888644,4.6064842073796415,10.58563336008105
304,-3.474763083613059,-6.1541783381372035,12.654306257761363
305,-0.21624158047345593,-0.31371249553449987,10.703412543763774
306,2.592451618073099,5.272346086262367,23.1542276953907
307,5.979103675547489,8.49796952836269,19.068189352432857
308,10.707139321069517,14.585127311058404,24.54477898445684
309,11.949724266771167,9.113713781910768,34.46794907230924
310,6.537260736235161,2.3369640208269846,29.82956423814062
311,3.422227132236476,2.536859209599352,22.787954092757957
312,3.290088077038443,4.356242052322637,17.864506616847546
313,4.396696879181678,7.049279940797948,15.087291326845827
314,5.484683026937286,9.421748136082801,13.664241175985469
315,3.2890777146729393,6.003303342895206,10.357898524482405
316,-4.651676838180069,-8.245387763660156,12.698841725466814
317,-0.29533950555518323,-0.4950448118313493,9.661894858078908
318,2.5731909267040014,4.748201139865846,20.56864681371486
319,5.126008968755372,7.760277617476293,17.011825474023336
320,8.784271334508432,13.755942860150416,19.011455127046943
321,13.048932052640701,17.174190009859593,28.03346484293599
322,14.322885842692768,13.551179728562973,35.79384765371145
323,15.244839629390025,14.889975154946773,36.716159632160085
324,-13.507747376915827,-21.041711505270445,23.756280019912463
325,14.66946518635341,17.092399566601493,32.77652947011113
326,9.274576226685873,16.805965138655615,13.95272568794238
327,-13.908202996803066,-15.968017451581128,32.05119981327177
328,-13.966971609809312,-11.111681173526225,37.405879216736245
329,-15.638582638647335,-16.46740184772231,36.02300485786392
330,15.091308711391992,14.28946911169847,36.973679583823355
331,-10.554495757854871,-18.699091186738546,15.972267408266472
332,14.015031402541949,14.464276805495631,34.04681592653807
333,13.21999300521517,8.637975152784534,37.927526521722775
334,15.211782825083242,13.306437663959692,38.30127811927406
335,-15.375930897148894,-14.948093998002252,36.99516971866937
336,15.46566186130303,18.844669979942523,32.87853761490254
337,-15.106373828084987,-15.447704282254826,35.773867993078944
338,5.730641299754788,11.132636088901657,8.530967217357436
339,-12.272917419049211,-16.98538642382128,25.97914396173249
340,-14.120912308247595,-13.590037600526756,35.23928969626879
341,-13.794284962902971,-9.818776047778021,38.2475995144353
342,-12.807627112747378,-21.066318774654977,21.041997798334116
343,14.304023821243668,14.335721269656704,34.92593049709131
344,14.894190102654063,13.550124396492617,37.2434382794729
345,-5.0884074047778665,-9.989015834428049,7.705126875983587
346,12.215937804740886,16.611905135346408,26.362221555182757
347,13.523155298696224,11.466580481428046,35.94311900456783
348,11.09280421123371,4.2004336298562155,36.676542163514256
349,11.264031311694385,2.95036697086646,37.84648088498042
350,-15.558577704256393,-13.434471215538771,39.044416979126055
351,12.073250701602163,5.517849722202046,37.84057241866094
352,15.995589178888178,16.482467810624467,36.91946109707345
353,-12.315185017117583,-6.324143415703819,37.76361858021689
354,-14.378356366105841,-10.116625436079559,39.45936733760326
355,15.325192667257959,14.000029625335518,37.867316911777024
356,-15.448186329202532,-15.61518917666544,36.4658003476234
357,15.447784579265644,18.59792260678326,33.12118758449342
358,-15.239547864855428,-16.622865562256127,34.82692393763652
359,10.837852772411338,18.90743859366992,16.877621622404657
360,-14.22167752974648,-16.07377217594317,32.766420852183124
361,-15.05174226410361,-15.277449853946802,35.80634758728185
362,2.932275730139768,5.840183254997378,6.287543945745553
363,-10.999859091274004,-14.982913500665425,25.03986232299481
364,-12.044751928459696,-8.984799919388891,34.80990354375993
365,-6.652107457391797,-2.115439391701379,30.25544264806428
366,-3.287094010848303,-1.9957777536578514,23.406962356966204
367,-2.6383749159523906,-3.115969072441359,18.47958128570052
368,-2.730303490137464,-4.120951620216765,15.23344617516856
369,-1.7847534598879564,-2.9130844571648153,12.837901626248293
370,1.820744209601,3.2522308818573995,13.6034875588774
371,-0.9937937185777262,-1.8687241511235713,13.242133665070972
372,1.8033996361114284,3.228740802780357,15.660420695849137
373,0.727328994840913,0.9814426291400397,13.84805652009856
374,-1.8410349555566714,-3.394358040752505,18.253697091204685
375,-2.2791898954954015,-3.3886315708209302,15.095908134363018
376,-0.7089251594303373,-1.0121348628414666,13.228055231234373
377,2.217812734052318,3.9075722066702685,18.104851733350603
378,3.054927075970471,4.760548867069666,14.848711974362777
379,2.3160805453089437,3.899249331137211,12.491412663994534
380,-1.547237429323868,-2.820271223124676,12.397452904294257
381,2.277265602057227,3.9972814400452075,13.971819080975363
382,0.06689656478915185,-0.03352900616972955,12.446358399078605
383,18.248624498347215,20.7504626083919,38.07154795213769
384,-6.468942882542631,-4.452921284136934,27.372864152373968
385,-5.761844949772103,-6.860088640275389,21.799227082369825
386,-9.310843951564216,-12.305237334385698,23.71261098913201
387,-11.153692177166628,-9.447559279672436,32.293770855561206
388,-6.565399750228961,-3.9798621958363474,28.129648445817597
389,-5.119919833063907,-5.800941260724021,21.74004024701352
390,-8.109066355238097,-11.335675779002754,21.32791212018929
391,-11.967113056719917,-12.33739277792406,31.13380843603365
392,-8.155821411468885,-4.162969854186264,31.099629316988647
393,-4.51613899360089,-3.764785825777215,23.66226276702952
394,-5.327658818011146,-7.338192838843616,19.109591612933798
395,-9.567024848569753,-13.726711738829461,22.121935661833934
396,-12.649806588832542,-11.736422022726144,33.5084414150089
397,-8.04600657789636,-2.992712061044469,31.95260729099811
398,-3.8104484946477144,-1.975209699518456,24.756375930385012
399,-2.8830594162801533,-3.229808160847382,19.295335569545546
400,-3.3104596998270184,-4.985536552167486,15.747688676870858
401,-3.6379268441966284,-6.105786586044886,13.359639679092046
402,-1.6407642480612892,-2.8648449411885237,11.06844642186314
403,3.7610388799452434,6.420283377802855,14.483962603703429
404,3.6861077049707442,6.417008772214297,12.25154457448194
405,-0.5916225932860004,-1.1435146846212256,10.492706896837653
406,3.8423928305950104,6.21231714806736,18.06722732003346
407,7.024672698329345,11.09783887477155,17.33452317402194
408,11.485215599694499,16.62977581579682,23.84033767726211
409,14.16824551382215,15.131511940465993,33.67453224146698
410,14.27756507238629,11.657489555530233,37.63855220670417
411,12.514766068209978,20.73973877938754,20.464014956576783
412,-14.408512781227039,-15.282596343525935,34.15630320185119
413,-15.312633865526099,-16.623179195614927,35.005911435322275
414,12.879343919802796,20.647459976694837,22.090260638576773
415,-14.429525687330976,-18.112546105442803,30.874165527856796
416,-7.111363181380734,-13.399321354257989,10.719643006534744
417,12.749273637470687,17.488396839593854,26.72971133479699
418,14.59749382133673,15.893689676970748,33.9444198070746
419,14.292577570548545,20.582879711617608,27.120795641533626
420,-14.487079042726918,-19.21589689042888,29.62230900299062
421,6.459216376344855,12.284164883011153,9.979600919712116
422,-11.99649687559749,-17.46412977419091,24.316430274628203
423,-14.226630060690521,-18.1231902479255,30.2529709551985
424,-10.25682165215378,-17.968688857797183,16.193200481089843
425,13.90625352876421,17.87434731193126,29.67715119430528
426,13.957197171226351,20.060168197802692,26.790097718646305
427,-10.44572444143392,-18.066365633677712,16.926709623453995
428,13.28237266964619,18.86501437749005,26.393278804891125
429,8.052930901110738,14.760513395222016,12.595103718592101
430,-12.706567785422054,-18.083426392548365,25.702653861425333
431,-13.693169739032445,-19.500943911828056,26.74925076553898
432,2.075650423508262,4.093666783931059,6.748921925342176
433,-7.8934473256383,-12.55661464713933,18.251090646607885
434,-12.506780210372222,-16.95340040730329,26.681896328752615
435,-13.986116858204861,-12.780604794944143,35.751644219410935
436,-13.244518465939565,-8.263400543966561,38.33516258119522
437,-15.0489584611095,-21.273496295315248,28.559707371888507
438,13.600498262389019,10.452203618368866,37.155605984617836
439,13.508750173229949,8.457514606065262,38.826929220143775
440,-1.2667455198777184,-2.5664475794677686,5.075266072229619
441,9.26429600100168,12.9610370488648,22.911134014219073
442,11.855439149492224,10.379165428839004,32.99207519854367
443,6.925520625404376,3.301108613701798,29.584613042768115
444,4.204969731991092,3.9919582193922656,22.349865682541935
445,5.542399265146999,7.946940231423067,18.51971179312043
446,10.00901212663533,14.391809469982348,22.505629342934945
447,12.875369787525036,11.791018444670298,34.008982765759946
448,8.43678012430085,2.8819520767689237,32.7402564962763
449,3.9307339752355936,1.2585416876369055,26.036859573561408
450,2.2487932002050757,1.6343962216003853,20.926872013310483
451,1.403659982668175,1.406683131981092,17.707389657597354
452,-0.12979803219967734,-0.8141813606744012,17.195042995158378
453,0.7876250838277614,2.9476843885612296,22.102476530463868
454,2.0256588396426207,2.3638305236270165,17.745195667054205
455,1.1911449980916091,1.5335333102840099,15.393956436873236
456,-1.0732734787028972,-2.14621906095213,16.37511298482203
457,0.2583203974372813,0.83860633909255,15.821273363098182
458,-1.1090104626629453,-2.9850722683874604,20.77653932671685
459,-1.9729781551909467,-2.5042012452570654,16.84511481128896
460,-0.9547850318587319,-1.2263604047813639,14.89119204826384
461,1.523371009624959,2.8791489604195215,17.32679705113762
462,1.149847073166355,1.522748335705138,15.046977675329607
463,-1.2477253803714998,-2.410462976958686,16.363971503730575
464,-0.12087500740652762,0.1804019093563507,15.315703737819002
465,12.072998033887561,-0.24992249442295034,42.23840110848985
466,-5.196155952555541,-3.8268743585231544,25.301553874744243
467,-5.402330820948578,-7.033416848313445,20.13697102139862
468,-9.454973244,-13.178247423647978,22.706283561463618
469,-12.05456078378362,-10.606213251151507,33.23549621013769
470,-7.0805886610419835,-3.1140852780669093,30.068200190432115
471,-3.9801126867471215,-3.4373858987760655,22.725622183255684
472,-4.716014598720419,-6.638795779061798,18.18198925429571
473,-8.256892703519828,-12.66631823948746,19.159712116441483
474,-12.94081168710487,-15.861709619166552,29.463429862135108
475,-12.113198903071773,-7.492459612372343,36.311335966386714
476,-7.878232987327489,-1.4121843020939835,32.95497203859976
477,-4.852236459452302,0.4689321258418131,29.677891714017896
478,-8.476168739083164,0.7609515415600683,35.218777225451674
479,5.981679980683572,-0.47240878012897625,31.510346363440707
480,15.81957320906808,12.903067936940385,40.25133126672935
481,-9.058700554491622,-2.3483588752341777,34.22358532531662
482,-5.665417261361576,0.15450857151645714,30.71681956211286
483,-7.254927397860307,0.9060830629213648,33.68398703764879
484,8.783990121862441,-0.0401408202114002,35.270847091448736
485,-10.415427664621866,-1.2325075855560836,37.17993822298538
486,9.856686418902711,1.1675588616155839,36.265710584258585
487,-15.14698052847167,-11.547459002804926,39.978482664436974
488,11.287756363436616,4.096637094557417,37.15410787262958
489,15.042947490155514,11.74197363791403,39.50379331475437
490,-12.9924016553928,-7.209191439292914,38.66045568183999
491,-5.331363026881141,-10.531970142088946,7.400621690905764
492,12.589911501875628,16.207584305368705,28.06546111833093
493,12.61967025196558,8.822291381205886,36.30451679620748
494,8.680999394488676,1.9348436689940929,33.8793264611827
495,5.669775511852291,-0.3011575846525707,30.86066143620899
496,9.601709068591003,-0.059124472691983954,36.4642581535074
497,-6.27929430358458,0.21364598634697085,31.747071330930098
498,-11.909129376082603,-2.6416811937120066,39.51422510315489
499,6.700938307375158,0.5108539484351597,31.794489156742088
500,5.27397747872947,-0.9327538425653241,30.82197338418668
501,-12.433724204908813,-21.80885430741167,18.030775970990312
502,11.979857366202484,8.027989412116181,35.557566435641974
503,6.783226584822055,1.587534808774513,30.981159495089994
504,3.238229927744541,0.8719683638460083,25.108039076469563
505,1.6924203470934551,0.694085668925945,21.22681893621964
506,0.5227484701923788,-0.7116098091534956,20.5386674331286
507,-3.0485455028156103,3.584206792145218,30.080741053202466
508,2.8099854970792064,1.8220136916917258,22.374608243998402
509,2.123380285162333,2.4204536768309666,18.09752272324922
510,1.4412105927319032,1.9274659283327484,15.473782464020537
511,-0.5082643864932687,-1.1940599614204288,15.457087165050229
512,1.0890248975171255,2.4056519490675012,18.602561568096643
513,0.7638332460854993,0.6901660233479817,16.339725627530562
514,-0.8076052594538781,-2.3504088483518855,19.966506631498003
515,-0.9555272593465363,-0.8051885052077516,17.320026849553155
516,0.46326640505591565,1.7525238518824588,19.49790606389545
517,0.3277488971664084,-0.446968745683594,18.747935904890777
518,-6.588398557023178,3.0617964349504376,34.19811189469982
519,3.4214419003157874,1.5682997486711452,24.46969676338544
520,2.320341048580825,2.26433178022463,19.5575888740765
521,1.80604073180461,2.3670049984651893,16.255489511204065
522,0.4599085006064887,0.4195596860574354,14.881072623541588
523,-1.4803354594965819,-3.7494617413037674,21.926024689738146
524,-3.334427957242973,-4.648468580806416,17.137601548455162
525,-4.355491889195862,-7.105967298300896,14.590992943711969
526,-4.664770804412923,-8.141091266624468,12.660077773725003
527,-0.25106450655783713,-0.41250693361727186,9.68117362118001
528,2.8350191047962396,5.281022909887827,21.362180580086616
529,6.071921406163576,9.014957319529845,18.195589435697446
530,10.839020407795655,15.239676117625905,23.925027577641355
531,12.83610138883097,10.832011934997425,34.89389846160261
532,8.247923847141294,2.4534292287392336,32.75697346513532
533,3.915579139763252,0.7936000099981559,26.600918725255145
534,1.9720647841250387,0.634656112194592,22.294626736476694
535,0.7610055456390543,-0.5438047039137398,21.006602152736082
536,-16.079826316359362,-11.764418971081673,42.110844513638
537,6.564530077334087,2.0642064234372155,30.153621407478767
538,3.251707745631731,1.9755271285749065,23.347431100511614
539,2.5962052265262296,3.054565266507838,18.46296043813578
540,2.62325239576205,3.9381840220635205,15.240566248262065
541,1.5320112435252402,2.463225054217836,12.90937766407973
542,-1.706867180040005,-3.052287469939108,14.257437320910011
543,0.4877177962318815,1.0306324255756338,13.611274124922637
544,-1.7806408677967243,-3.3541671354723634,18.67332809873421
545,-2.3409589074004615,-3.4374620149918926,15.361941364698367
546,-1.006104936021637,-1.5127811764132346,13.292741202951534
547,2.0659108792470273,3.6486314971145077,16.279836128153406
548,1.638013899302165,2.533031848562959,13.760791809688747
549,-1.0090951677505777,-1.9113315532286634,14.126307991380099
550,1.3901600077577791,2.5899037435115506,15.692300461216687
551,0.0839569559363817,-0.17782459763716343,14.768993493178279
552,-9.854394590475657,3.2963830979408826,37.86818366275387
553,4.452682074351885,3.669980493016,23.653773157062634
554,5.184982034203751,7.134964636955987,19.001057342426307
555,9.291774154135464,13.517244479243733,21.507717719371918
556,12.825367675537155,12.567926987402513,33.05525154068442
557,8.681048533315835,3.328496430212879,32.81124766510018
558,4.0423676467125,1.6297570970361073,25.773052094948795
559,2.6140598182555657,2.459370433945001,20.24606665143119
560,2.391581561115829,3.275549852725475,16.45110738037629
561,1.70518362879609,2.618035089419732,13.96082618401162
562,-0.8241698461236687,-1.6036874420252172,14.0013157046745
563,1.839613269181825,3.312419507912372,16.520680896073685
564,1.3621495552567986,2.005891633868382,14.17913712994876
565,-1.0513895586006226,-2.0259908173297294,15.125946447149545
566,0.8595462278027196,1.7629826113783442,15.666422499286941
567,-1.0062619191032112,-2.0551687016311924,16.51640849451076
568,0.3407857604936134,0.9949181228524151,16.075433439722012
569,-0.884788263521266,-2.44749140481927,19.947589017225404
570,-1.0751984735802833,-1.034201774811883,17.101476291867616
571,0.4902868456958922,1.5397658082102037,18.4204044658434
572,-0.054809190544853115,-0.998336398079716,18.76799080608663
573,0.3501911977165668,2.384676235239133,22.04889644964304
574,1.3105687535251829,0.9755740269820694,18.81634860735669
575,0.07942215714309842,-0.8621206799520404,18.986829856649578
576,-0.1872589400806275,2.444875737684832,23.836991817002236
577,1.4789982769647192,0.8019044603862145,20.128622834973967
578,0.32600480779032015,-0.7804120122674405,19.910708728184325
579,-1.3992146501356864,2.9437815226650557,26.55127286311443
580,1.9641711136851092,1.0360905018177213,21.357062506208834
581,0.9083121564293795,0.22140437753432407,19.363324693433476
582,0.32453094972074314,-2.342232938465976,23.955187432863337
583,-1.3682577203999309,-0.4949115999863054,20.530230658484072
584,-0.16284389344542527,1.510471068302284,21.42984177651714
585,0.3856650577498626,-1.242501384154483,21.5187071811725
586,-0.6956229118697799,1.7578871616193976,23.70522723055504
587,1.024643148418154,-0.9019067767614972,22.80038419010642
588,-5.8022141526282045,2.605923511285601,33.010165949747304
589,3.2738806308576853,0.5220898031615302,25.677554661797558
590,1.6296379979783349,-0.00979001923831141,22.644330796644876
591,1.5351056013646058,-1.9351403224190378,25.628491413117658
592,-1.745004782642254,0.8905331990645925,24.562193517354512
593,17.15112842257027,17.086302162084355,39.148708979265315
594,-7.068665772624321,-2.475336400499774,30.670205800815445
595,-3.506094339672552,-2.2440436157614077,23.555790530005808
596,-3.0221114394083504,-3.7501471379458824,18.406982093013017
597,-3.7227332953604453,-5.830113133233057,15.214996449157436
598,-4.2627670654781324,-7.276981481916634,13.190118109766413
599,-1.6897514425356421,-3.0184682715255944,10.414632263714358
600,4.530441590059211,7.660785836296723,14.859131630670536
601,5.447010420376265,9.454567730017057,13.276417167906022
602,2.0334839137827445,3.731909592817729,9.650006012033248
603,-4.978925360122092,-8.495471195618197,14.506378823838578
604,-5.2670244784282065,-9.290791139876635,12.58453742243736
605,0.24652352349947468,0.5031463832364257,9.250317918664505
606,-2.693303237030391,-4.929945588440084,20.70137786610826
607,-5.4600387453205474,-8.246828936561784,17.31849321419466
608,-9.572219927411506,-14.557447327350818,20.570342690125678
609,-13.585847130672642,-15.71798067988552,31.437671090069994
610,-12.749970161408365,-8.193169153801298,37.18519725389375
611,-11.073189036913996,-3.494979872144045,37.11120688414593
612,-16.040645129485917,-20.418844082394653,32.59284370001451
613,11.1558708217479,5.153695005092674,36.12555701959814
614,7.469806913977206,0.7752586693794665,32.79303917117907
615,6.751990769431634,-0.5729820211777295,32.74394631543176
616,-16.284126780677838,-21.622949623715762,31.828139906769557
617,9.522967196017358,3.8879443630296073,33.910307593782406
618,4.512233056745048,1.1591379499450238,27.312749028488152
619,2.356218006399048,1.3431185816331266,21.965104173000253
620,1.4108470759134721,1.143489114824778,18.753132557536954
621,0.1466640561136041,-0.6115965829073555,18.331935758348383
622,-1.1066160241331886,3.21730363452635,26.398717452535568
623,2.2264905140230935,1.7138255118770207,20.64922638565595
624,1.4028739211781045,1.4668765754513258,17.445285703136783
625,-0.1969683684359892,-0.8810785753229008,16.953660253887207
626,0.8671659476596325,2.8096881987193654,21.266850635144696
627,1.7496121893961794,2.02342184692524,17.378275958366565
628,0.502487524528312,0.3720138080382641,15.734571716190782
629,-1.1303883469300806,-3.4799816426302406,22.511682500519242
630,-2.8774805710161604,-3.7837237881673564,17.53005820857516
631,-3.2233969274156165,-5.122822035116863,14.526705841319343
632,-2.440422994780609,-4.1594299090448015,12.236958443384118
633,1.5850936010217158,2.8915693722651845,12.165786830403947
634,-2.5411479906279917,-4.437048441194991,13.94559244923385
635,-0.6038862724414702,-0.9221839390702572,12.11538556046262
636,2.6334959586935787,4.491984961907017,18.500400095379977
637,4.230213228563025,6.687788489823021,15.335814723798629
638,5.485373851352585,9.34832706906003,13.937081149648574
639,4.1239392276948434,7.465502619540558,11.0309797962336
640,-4.3491488389289685,-7.86483562913164,11.702734237344517
641,2.625136441084546,4.857203486746862,10.392601411875173
642,-3.7414923489326943,-6.622877156969496,12.663143954938455
643,-0.2853031194836246,-0.44936096129047465,10.437063039439021
644,2.5528211647744943,4.872744336838199,21.064823901086125
645,5.344918234916417,8.003711419463782,17.4286029956706
646,9.412425311776719,14.323744605645839,20.405144495859837
647,13.51509017897224,15.626108925257258,31.355242807899813
648,12.482452814356948,7.670650580884457,37.01188698639777
649,10.146462534150583,2.4789184240347666,36.003906501682835
650,13.851083519934209,7.975515464647616,40.20788954295701
651,-11.971219889587946,-4.741925923481668,38.190264636289065
652,1.25337496064244,2.553048768827733,4.734369478736527
653,-9.437617486931059,-13.009023751389986,23.405056069637993
654,-11.61441676270804,-9.797724402054609,33.01512417463139
655,-6.629971860244426,-3.360381283951851,28.947793880973045
656,-4.3714898297567855,-4.479595319079993,21.917904489483536
657,-6.241967697470748,-9.031920833647735,18.911677562749595
658,-11.09985930836929,-14.897970147106204,25.315645221550106
659,-11.835077190487647,-8.56282146886555,34.72204955405641
660,-6.3580405768485155,-2.126050523862723,29.711904756752347
661,-3.274694403404243,-2.288524714781267,22.83202351134127
662,-2.9200518258230326,-3.725833607691621,17.95888812534971
663,-3.4127623184931464,-5.378462007094933,14.853132249157339
664,-3.195441299842864,-5.462268551333655,12.574585036413602
665,0.08770150078541764,0.24609286077043274,11.074213710997212
666,-0.3443483806152017,-4.264095021139278,25.609587473864124
667,-3.691867501711834,-4.596800903484882,19.09340871727171
668,-5.532312571352959,-8.630514289757322,16.57756632963975
669,-9.183525766105909,-14.475418193903973,19.15427096745126
670,-12.933871726339508,-17.867072623471458,26.698927367105064
671,-14.509820430770963,-18.32616241349611,30.811401680220186
672,-3.3700598480202224,-6.619629668103278,7.036972718353761
673,11.28500963741849,15.491408364129644,25.146375356481727
674,12.503131688959245,9.642862055844176,35.25948468288166
675,7.536920763025156,2.0448536029521653,31.873141981283922
676,3.556764606629442,0.9452780765191914,25.682582435948984
677,1.882759937186829,0.9215107179038502,21.345541542993644
678,0.789055382865671,-0.06424886996808221,19.726968518621046
679,1.9095829801081177,-3.616995174543424,28.138633740773905
680,-2.6375416643703558,-2.10406656627396,21.199925217415554
681,-2.155902677476869,-2.7131691797458135,17.18883616847929
682,-1.4307655068441827,-2.025866775728983,14.79937591488649
683,0.7116440685035084,1.4897985723404377,15.157311957259989
684,-1.4034100438607167,-2.698157594312612,17.235782124673516
685,-0.8472734779974354,-1.0003497387707105,15.233096603679275
686,1.2251610012731897,2.5460130639783003,18.28695740305269
687,0.9092892249176827,0.9869532512993071,15.94404251830532
688,-0.9216603208677958,-2.1470537248451125,18.43828089284773
689,-0.3684044900663701,-0.003389338028320532,16.78314051117838
690,-2.2895489311596293,4.485317526861693,29.95152125474469
691,3.592480747875544,3.53145907557389,21.303193586916166
692,4.559931361679608,6.678555994027804,17.289042537571444
693,7.681893648893638,12.194916252591948,17.700292032025985
694,12.052358996335814,17.103502584372816,24.99537864166303
695,14.361300083876827,15.448656747374589,33.824381095876944
696,15.20748121018946,15.790240530379576,35.649882429232115
697,-9.757563796119516,-17.607807599220852,14.528529162020984
698,13.903238087167072,14.639679795718695,33.56437149044443
699,12.775388120602836,7.741192203493471,37.6483757636651
700,13.107606786994166,7.041345858210375,39.098357764282326
701,-13.470140218942683,-21.634305554947723,22.623707576074274
702,13.991322349085316,12.599505077848018,35.97119419239109
703,13.496145943518124,8.831144435810938,38.440703522099575
704,12.277528041553321,20.73828512211542,19.480632235127008
705,-14.080180654727616,-13.587203287264867,35.160382213562755
706,-13.554434364366845,-9.200083572130394,38.23733453193774
707,-14.919337263872364,-21.250727945883096,28.18306906970559
708,13.928447484443396,11.474129875184722,36.95896974181423
709,14.655784589389944,11.904315696497932,38.345961246471816
710,-11.504495894091578,-19.87323628639096,17.86502433964827
711,14.125844233163443,14.309090556978093,34.50035615077146
712,13.800535907260832,10.026117224355376,38.060724479893956
713,14.865206223571548,21.17350929246544,28.11880993239949
714,-14.158978527655666,-12.245180341342401,36.75398583546652
715,-15.39236909387147,-15.193355988364324,36.76745891184002
716,15.37993789172263,19.230505152583163,32.177373093395246
717,-15.089032199985127,-15.62847011702372,35.5329266360153
718,4.386508413889336,8.638006653462641,7.296488381767837
719,-12.049455786500438,-16.19940028373066,26.460847315437263
720,-12.892411646196004,-9.895170854224407,35.94816128461906
721,-8.912287622432732,-2.2818544138324146,34.01750577668461
722,-5.327302780539804,0.15679006575181642,30.16255516323184
723,-5.807266845368883,1.2814419132515162,31.947564226388476
724,8.982248827583142,-0.2461512924875766,35.6556114909753
725,-7.5275075328978245,0.12854975370009214,33.54140704823902
726,6.006390159831714,11.9838649585075,7.140756181719807
727,-12.87401357988872,-14.209151745472944,31.376681118598583
728,-10.014379072088587,-4.547872649410328,34.312578332456276
729,-4.799284065676064,-1.252067770367797,27.75153980695573
730,-2.491199398755465,-1.4604101778371263,22.140557500823242
731,-1.5974500185114708,-1.4757749386367984,18.575284189337882
732,-0.30263325546441544,0.1710093519850721,17.232733567349648
733,-17.30636071709697,-15.324467820067692,41.29229071241306
734,6.292434634046058,2.7398334178016674,28.962786331248537
735,3.8087031542222194,3.592312917757835,21.892840595232652
736,4.8088524724314325,6.949896385702316,17.75661216201328
737,8.404976312849215,12.99371402314566,19.06664878630868
738,13.00804935303839,16.28031444306419,29.112369100565825
739,12.817231482466783,8.926649368068922,36.679203884837946
740,9.813463241335338,2.499599383142959,35.40683331788592
741,9.817767625647296,1.1354144773653214,36.21648180773454
742,-15.242245287451015,-11.846517580260937,39.90846392475213
743,11.219189129119584,4.037139849762097,37.05314246670714
744,14.425728376611389,9.847943302333247,39.85985527120752
745,-13.387484901955991,-7.942067049850046,39.004307180374525
746,8.46783144985777,15.971528979393534,11.502481530403077
747,-13.052975571636928,-12.13151105328004,34.12673671161782
748,-8.956918775213847,-3.0425965073184944,33.530341872253494
749,-4.291728915623764,-0.7789473364047903,27.338701721389736
750,-2.140578096058982,-0.594882943589693,22.878681365508125
751,-0.8904208941681788,0.4778530842704035,21.31541859844788
752,-15.904032010708665,-24.312239351809033,27.082041898726004
753,8.857300362859208,4.465258016686655,32.18133888246451
754,4.491067504764279,3.085094356271369,24.693304087954214
755,4.396855068088023,5.726382330869704,19.180137896541762
756,7.420851067507067,11.309149245012549,18.63993225467992
757,12.349612119667995,15.813396072523357,27.811874556009876
758,12.04002544912241,7.866592216075636,35.8181633514921
759,7.070101895158195,1.4756699200567045,31.56940844970754
760,3.4870305124651217,0.3728988671644504,26.294000992655388
761,1.8278520658772206,-0.23194952776408545,23.6295952097604
762,2.489623588069845,-2.603021018888564,27.9618554463254
763,-2.0921412700008415,-0.07463137254456939,23.738439789922218
764,-1.4598117592583923,1.3686980889751257,24.712350734988284
765,2.7097044601689335,-2.4168501956812793,28.12991995714502
766,-2.253758855904385,0.31053808549181455,24.747840846885644
767,-2.9329884690881567,2.4781613618094855,28.582564809564893
768,2.3505751047809786,-0.21725419805679697,24.812875613425557
769,2.4492098045965927,-2.0993997538843816,27.332452441874317
770,-2.3378438062652913,0.9326628003116353,25.78244136024596
771,-0.2668850967628458,-0.5565956932728378,3.0470237310739536
772,6.42801930597907,8.628956639097373,23.191168276812377
773,10.159999524886388,11.722856994523575,27.1157777064363
774,9.24855085866539,6.924401943168402,30.6051009865856
775,6.198646154403055,5.592309480891691,25.204985865949745
776,7.448129691858645,9.410228257956826,22.625781927352154
777,10.762653152528143,11.641391168430635,28.84683772867713
778,8.460245699969674,5.796358866061473,30.0930745637276
779,5.840096040346019,5.724957524581524,24.051228162075162
780,7.83793786524881,10.219463190211982,22.464830838519315
781,11.114544216836759,11.448927530443697,29.991193758758516
782,7.967734148422913,5.108023267258963,29.787218717459773
783,5.526186745197002,5.60242427945144,23.367539351776045
784,7.804277352060628,10.45262849039102,21.921895905502186
785,11.416302672980528,11.90534173030468,30.22452301623816
786,8.091018107920922,4.8091474685373,30.343937389868127
787,5.138975185630076,4.917456678839543,23.43111717450081
788,6.951924615221028,9.523583401464448,20.670420080751395
789,11.405566015532113,13.454607056910948,28.2655696843291
790,9.533619628634302,5.696603829914978,32.39595243659905
791,5.043880941696246,3.5897789450156528,25.27666011319277
792,5.094388309044127,6.612201716335555,19.89415762415806
793,8.907455892482625,12.793278392022987,21.45959182620665
794,12.493080964794943,12.23951187636009,32.5769417393298
795,8.163447033605244,3.423541836207307,31.789069014325396
796,4.000795018226501,2.533213374209884,24.346019389910765
797,3.576929937595273,4.506571764361475,18.822587008442728
798,5.237347964859788,8.226866459156554,16.19005387009037
799,8.320085027328743,13.497318057960541,17.525643682765473
800,11.283412991385209,17.49873073373621,21.604860018909385
801,10.099496440139472,17.256149560852535,17.09096190184877
802,-9.353012946933145,-16.264605081454015,15.86805757932568
803,8.716171728389416,15.33751653946113,14.923974960858137
804,-7.772701656332993,-13.918625724497064,13.56763554053505
805,6.771294279845154,12.275010898096154,12.470514363562515
806,-5.189741253415177,-9.566030486635615,11.018031732429545
807,5.68354253455521,10.238047791168523,12.2888707105902
808,-1.9682771465658142,-3.716860285897474,9.31631448222107
809,5.369556665656475,9.085683997636895,14.94049403690436
810,6.562900979674184,11.378517042820508,13.974759137647954
811,3.1097813841168414,5.772526960877298,9.610846254163215
812,-5.936093822504368,-10.254211388447953,14.211493761805546
813,-4.780953105341098,-8.656453818827034,11.322442929283326
814,4.140140878892223,7.578860431227985,11.068908596300128
815,-4.333831894861897,-7.844561847211052,11.654387647793868
816,2.7612936683407376,5.101060710628276,10.469726768715063
817,-3.6848147994103497,-6.547791972123321,12.465797644850431
818,0.16162449490152883,0.36293218097227853,10.445156761587468
819,-2.7145150575624744,-5.39816414039484,23.109294921306567
820,-6.1956159627912175,-8.803797069316003,19.257865303770945
821,-10.991815655580005,-14.599475322881812,25.429819575206853
822,-11.522004095411987,-8.166416006173552,34.37972296386199
823,-6.016581385838687,-2.3380789937408357,28.85760275782103
824,-3.459620675694791,-3.0250474076741116,21.9354263330012
825,-3.87502516935909,-5.470300570116185,17.410997579738776
826,-5.9435779951241,-9.612640672650429,15.874042410955877
827,-8.849031546006989,-14.464681975487462,17.695886580157207
828,-10.079245299845196,-16.742980869011355,18.149137903077914
829,-0.03795855544751191,-0.056578755487093874,7.306398062431915
830,-3.741518463914325,5.440957089587945,33.04164925887725
831,4.690935800847577,4.772405049948536,22.36306964878362
832,6.733582053853955,9.564862711507757,19.730986897172116
833,11.537909618276913,14.35540092339116,27.43054319402358
834,10.487753615572217,6.384337320400381,33.739338616321966
835,5.196617838898581,2.5866951914003184,26.954847478724954
836,3.7951939369711756,4.208614113208668,20.49715713750628
837,5.457860988813743,8.224383758592865,17.370652493922268
838,9.593014647293085,14.554289151042688,20.657905545295822
839,13.583656933543903,15.538473854385034,31.64680413926241
840,12.524913400209442,7.682386490962195,37.1016720516402
841,10.502534231739277,2.7867478356117914,36.458895840633865
842,15.793586049509694,14.214736758856759,38.810760253485086
843,-11.464319574368405,-4.620154838475042,37.15947443658884
844,-13.251187138426495,-6.857138738960545,39.644983304118426
845,14.429527768722842,10.380726902231402,39.32869404518553
846,-15.624979222867573,-15.680058961904653,36.84501134474989
847,14.838700687293223,12.994536517941263,37.69164593290786
848,-8.223325265008139,-15.446737845303929,11.562002360967629
849,13.465251335028547,14.062578933023165,33.0784865101388
850,10.894385093912836,4.821084234907389,35.83053886288468
851,6.8320870726703635,0.6085315822431712,31.918420756604792
852,5.126496558821926,-0.8889920908742344,30.545160227421256
853,1.0887500411912376,2.2514226139906057,3.681719529746977
854,-9.667230091996197,-12.380843271507883,25.171524498201478
855,-10.437089546667544,-8.185083869787245,31.93910951369375
856,-6.192156974303284,-4.436453915036629,26.77245499542759
857,-5.892061480628581,-7.221159043999043,21.53012998595209
858,-9.677528394925629,-12.644455636136094,24.33431973170989
859,-10.950426811009226,-8.780992563434921,32.50128485884901
860,-6.266179966879632,-3.9007924244693934,27.59571178438621
861,-5.160253784618357,-6.033270696046288,21.407147811448542
862,-8.387012382647221,-11.729608943614569,21.581793521376003
863,-12.006560096084282,-11.965328046791164,31.656412257139056
864,-7.8736286336098384,-3.914272824932831,30.794482887946582
865,-4.421084143959123,-3.7849290152692534,23.365117822838638
866,-5.337205080088391,-7.420806950518937,18.94495843730647
867,-9.605445494114049,-13.834474211940503,22.06424969261303
868,-12.740803008997196,-11.91905032724835,33.540750529035435
869,-8.247096514730071,-3.019347955007188,32.28986253360524
870,-3.859610901306953,-1.747444290422584,25.208092168291245
871,-2.670770481427229,-2.726325256386982,19.77249197767337
872,-2.660786667174027,-3.8071270499698207,16.088338086260656
873,-2.1350490347638873,-3.4313477084153288,13.4735297924317
874,0.8870430835095575,1.683760710563671,12.847216021897824
875,-2.1938428739502895,-3.8400351986532026,16.107147494768327
876,-1.7717742032391608,-2.7944532811177543,13.536238247753593
877,1.1472200643591295,2.130285907051446,13.709402082049934
878,-1.3294155495819449,-2.465705806832025,15.129854298485029
879,0.3173231081227077,0.8288914900657283,14.794643932479435
880,-1.274043687183351,-3.046136533071278,20.247114431438902
881,-2.0343293907343085,-2.6902788869970835,16.466638034068524
882,-0.9860412683314932,-1.329587240930543,14.526191739790164
883,1.6771909636355382,3.084325336481382,16.92713539346526
884,1.2763056400574646,1.7973231664573242,14.621841218573001
885,-1.0816471187026258,-2.1058348760374326,15.618735128328797
886,0.5731899358350144,1.3132710275162147,15.64186142320542
887,-1.0950729610424441,-2.3452312726018456,18.144655746621616
888,-0.5630865058191,-0.3965891054429007,16.20688065863333
889,1.0522284426728166,3.3033585507912973,22.214083018933145
890,2.580247463214645,3.324607007076679,17.45285334555132
891,2.465801869688157,3.816812563095866,14.527102618506909
892,0.6463214103518949,0.954259438017227,12.655270923991447
893,-2.4133884309594427,-4.186878848868594,18.347618581319633
894,-3.631425451750178,-5.709069476753374,15.06222090142851
895,-3.905192102085376,-6.680985867430492,12.92855617717501
896,-0.9600941146554218,-1.6751468527611557,10.49501756417634
897,3.1937974180415027,5.36351926367048,16.04702858245984
898,4.134759610730202,6.925541490223347,13.704312636431203
899,2.761491573415322,4.902050938178798,11.155118723419399
900,-2.563195972873406,-4.617307809945494,11.924428640132804
901,1.6585529759585875,3.0282778963436674,11.861958930316016
902,-2.897234454578035,-5.036537309617033,13.89112846082914
903,-1.3166352042150518,-2.2069407104863608,11.811532579119357
904,2.5082738824445325,4.334614297988964,14.842952199416741
905,1.3954235423037065,2.264875443107365,12.571359581957134
906,-1.9394798816518282,-3.426524512053687,14.616928566701176
907,-0.0886557119277854,0.03998058560453635,13.206258926361159
908,-17.251390882413425,-14.124752991121793,42.36729402916533
909,6.07608098373858,2.9773148657455217,28.281569999760162
910,4.111620040299531,4.311877350979988,21.39975256376112
911,5.878726243347183,8.646008040697758,18.254101506587194
912,10.556705999925779,14.987930432265738,23.384919543482184
913,12.884253384966721,11.227605981334733,34.611937953365036
914,8.367707130472873,2.6155173869815496,32.83429282380497
915,3.946388376671525,0.9094893345300488,26.516925851128473
916,2.0263349153309234,0.8753049067595965,21.93600210858264
917,0.9032444196453715,-0.002212411934195746,20.0377021061653
918,1.4539126220610123,-2.947262194095294,26.638067017801085
919,-1.9703265292173797,-1.0168062267036362,21.42423280561962
920,-0.9082137612553136,-0.19699759389927762,19.442630848815625
921,-0.44818408464197024,2.3452954740913965,24.231025233013696
922,1.3784122659555522,0.41567326080274947,20.781514508535583
923,0.22326909059798128,-1.6147365484184406,21.95436860921507
924,-0.5369324265970259,1.0314852180036402,21.500382375329576
925,1.4620394421897318,-2.359028823302821,26.01362709286908
926,-1.5941709322165236,0.09747659664172126,22.728117527109514
927,-1.8573706802270848,2.297458905182954,26.574371527772207
928,1.7887981474719483,-0.33654643432928033,23.72457770514936
929,3.4988634179432996,-2.8437590467130534,29.955732467165245
930,-2.555081602262301,-0.47226062268698465,24.180797946386217
931,-1.1981858730692956,0.42089823415989097,22.23396904908857
932,-9.324474403681055,1.8651501005855096,36.76186151882827
933,3.8556893652397424,1.4126844853531328,25.675190793854767
934,2.3547579187670866,1.9778384334716652,20.468138155029102
935,1.7052254859788056,2.0482269131253745,16.972289572475223
936,0.3580782013830559,0.164560061903472,15.57571354004391
937,0.4483912801130874,-3.4895236924659696,25.772371743316313
938,-2.598323360108623,-2.6304036398472888,19.730191692147976
939,-2.482004510651685,-3.507702078132458,16.10024395335129
940,-1.732046627726226,-2.714819875491636,13.614968450591155
941,1.0916429815081115,2.03999131774794,13.830894637193992
942,-1.3597654644440031,-2.523968551443409,15.342417229686252
943,0.1537508495762801,0.5617074715356567,14.759659238964506
944,-1.3349711691367991,-3.8029139223714727,22.815409657601613
945,-3.4232388025689895,-4.648180808623206,17.63009020509424
946,-4.72786261770024,-7.634949294558641,15.109558536760598
947,-6.0637105988519835,-10.40550174222589,14.043478648029915
948,-4.248119647512341,-7.752848112711744,10.76041502155269
949,5.318015874295508,9.506055478315764,12.510108063714169
950,-0.6466292342279256,-1.2496353094212496,9.21904892505813
951,4.237548223848737,6.828732373034688,17.693729573831586
952,7.7639779246345455,12.220491730536871,18.017981668896326
953,12.334252183807028,16.92494042628219,26.180320062931102
954,14.016012326924644,13.087245946259667,35.505828941553055
955,13.262764197421289,8.374531542696824,38.27837715547806
956,15.497196473118692,20.541454529602838,30.879515909609076
957,-13.24936835759901,-9.202505918069395,37.484809773608646
958,-13.262762191918942,-7.647125037242388,38.948807782184154
959,6.722516937305462,13.056383284602582,8.98830369849385
960,-13.16569237875671,-15.230937396671639,30.93283562917645
961,-11.445901653373102,-6.086196575127538,36.002493898116164
962,-6.893026276442447,-0.9525673574504774,31.72590374811561
963,-3.984840984442516,0.49004509603913204,28.20664296752917
964,-5.968148709725198,1.6359005260803645,32.47023552150422
965,5.115761942476754,-1.0144075606037957,30.650862040204657
966,-16.523815684746012,-21.597903579675567,32.54685971570025
967,8.852697475182394,3.5333422033622908,32.96396720445045
968,4.128242065283028,1.6847890852790224,25.881265237003984
969,2.6913633221450928,2.5751391248556312,20.253491396501605
970,2.5882321963279695,3.6105259678497745,16.402437711051878
971,2.119302514133313,3.3607743479849628,13.745667290951195
972,-0.6546366303000367,-1.289693832700717,12.942977308073283
973,2.537385410422951,4.354045597115769,17.474110957108337
974,3.468754181594563,5.571102972245894,14.438413611308054
975,2.8929352091804432,4.9846875726326205,12.17399964092558
976,-0.9814598865112917,-1.8417622233214592,11.424039732250835
977,2.6786456435760657,4.581181418829451,15.68145171267262
978,2.540693981632583,4.206785350137901,13.067077101365895
979,-0.5201129988180568,-1.0373594089605953,12.032073994833102
980,2.7607367317337745,4.665014833335869,18.40365774432691
981,4.494982578504582,7.140956030374912,15.391109886399029
982,6.06240688101301,10.301113889776563,14.386971512773794
983,5.386785718436288,9.679109214633417,11.927669027481302
984,-2.742170418559877,-5.127034074561586,9.815831465943534
985,4.7841751524461325,8.364384597375434,13.355387645671309
986,2.230055980216444,4.043655155898813,10.173644194253766
987,-4.195051140127681,-7.294851810884343,13.558353806439488
988,-2.4850280605725583,-4.4375697043248215,10.825424628066735
989,3.177910627868372,5.643161437194872,12.565198262495702
990,-0.09892491207615098,-0.2638632536238738,11.000854233353206
991,0.6645577937242217,4.2104098912374335,25.193722753386396
992,3.7489869356672276,4.7622035059917565,18.894294360069363
993,5.7103636486124145,8.944312984867903,16.60034603342332
994,9.473836510782254,14.834388360160514,19.613235371548924
995,13.170360035200058,17.840601336936107,27.476610127036334
996,14.639298333534757,18.1372146239561,31.414874672187434
997,2.1334549529649225,4.220913074172483,6.351230441483839
998,-8.381701826460189,-13.107290676105023,19.106211012158884
999,-13.020643651176584,-16.351916099169273,29.05487575400084
